Rider,Injury,Track,Date
Max Anstie,Ankle,Anaheim,2020-01-02
Marvin Musquin,Knee,Anaheim,2020-01-02
Joey Savatgy,Foot,Anaheim,2020-01-02
Dean Wilson,Hip,Anaheim,2020-01-02
Jeremy Martin,Back,Anaheim,2020-01-02
Colt Nichols,Shoulder,Anaheim,2020-01-02
Josh Osby,Injured,Anaheim,2020-01-02
Chase Sexton,Collarbone,Anaheim,2020-01-02
Max Anstie,ANKLE,Louis,2020-01-09
Adam Enticknap,WRIST,Louis,2020-01-09
Henry Miller,"SCAPULA, LUNG",Louis,2020-01-09
Marvin Musquin,KNEE,Louis,2020-01-09
Joey Savatgy,FOOT,Louis,2020-01-09
Jeremy Martin,BACK,Louis,2020-01-09
Josh Osby,&nbsp;– KNEE,Louis,2020-01-09
Adam Enticknap,Wrist,Anaheim,2020-01-16
Vann Martin,"Knee, Toes",Anaheim,2020-01-16
Henry Miller,"Scapula, Lung",Anaheim,2020-01-16
Fredrik Noren,Leg,Anaheim,2020-01-16
Tevin Tapia,Shoulder,Anaheim,2020-01-16
Dakota Tedder,Wrist,Anaheim,2020-01-16
Cameron Mcadoo,Lungs,Anaheim,2020-01-16
Josh Osby,Knee,Anaheim,2020-01-16
Kyle Chisholm,"RIBS, LUNG, SHOULDER",Glendale,2020-01-23
Cade Clason,THUMB,Glendale,2020-01-23
Vann Martin,"KNEE, TOES",Glendale,2020-01-23
Dylan Merriam,"RIBS, COLLARBONE",Glendale,2020-01-23
Fredrik Noren,LEG,Glendale,2020-01-23
Tevin Tapia,SHOULDER,Glendale,2020-01-23
Dakota Tedder,WRIST,Glendale,2020-01-23
Jett Lawrence,"HEAD, COLLARBONE",Glendale,2020-01-23
Cameron Mcadoo,LUNGS,Glendale,2020-01-23
Josh Osby,KNEE,Glendale,2020-01-23
Chris Blose,"CONCUSSION, HIP, ARM/WRIST, LIVER, RIBS",Oakland,2020-01-30
Benny Bloss,CONCUSSION,Oakland,2020-01-30
Justin Bogle,CONCUSSION,Oakland,2020-01-30
Deven Raper,ANKLE,Oakland,2020-01-30
Christian Craig,"HAND, FINGER",Oakland,2020-01-30
Chad Reed,Ribs,San Diego,2020-02-06
Ken Roczen,FOOT,San Diego,2020-02-06
Mitchell Oldenburg,&nbsp;– KNEE,San Diego,2020-02-06
Pierce Brown,BANGED UP,Tampa,2020-02-13
Hunter Lawrence,SHOULDER,Tampa,2020-02-13
Colt Nichols,SHOULDER,Tampa,2020-02-13
Chase Sexton,COLLARBONE,Tampa,2020-02-13
Ramyller Alves,WRIST,Tampa,2020-02-13
Blake Baggett,"NECK, BACK",Arlington,2020-02-21
Alex Ray,BANGED UP,Arlington,2020-02-21
Ryder Floyd,ankle,Arlington,2020-02-21
Brian Moreau,BACK,Arlington,2020-02-21
Joshua Cartwright,WRIST/HAND,Atlanta,2020-02-27
Adam Cianciarulo,COLLARBONE,Atlanta,2020-02-27
Ben LaMay,THUMB,Atlanta,2020-02-27
Zach Osborne,"&nbsp;– Rib, lungs, Wrist",Atlanta,2020-02-27
Broc Tickle,HAND,Atlanta,2020-02-27
Cooper Webb,BANGED UP,Atlanta,2020-02-27
Jimmy Decotis,BANGED UP,Atlanta,2020-02-27
Ryder Floyd,ANKLE,Atlanta,2020-02-27
Jace Owen,"HAND, ARM, ILNESS",Atlanta,2020-02-27
Kyle Peters,HAND,Atlanta,2020-02-27
Joshua Cartwright,WRISt/HAND,Daytona,2020-03-05
Kyle Cunningham,SHOULDER,Daytona,2020-03-05
Zach Osborne,"RIB, LUNGS, WRIST",Daytona,2020-03-05
Joey Crown,COLLARBONE,Daytona,2020-03-05
Isaac Teasdale,KNEE,Daytona,2020-03-05
Justin Brayton,HAND,March,2020-03-26
Nick Gaines,HAND,March,2020-03-26
Jerry Robin,HAND,March,2020-03-26
Justin Thompson,Foot,March,2020-03-26
Justin Thompson,FOOT,April,2020-04-03
Joey Crown,"COLLARBONE, CONCUSSION",Salt Lake City,2020-05-28
RJ Hampshire,KNEE,Salt Lake City,2020-05-28
Josh Hill,Hip,Salt Lake City,2020-05-28
Jordon Smith,KNEE,Salt Lake City,2020-05-28
Jacob Hayes,"FEMUR, KNEES, WRIST",Salt Lake City,2020-05-28
Mitchell Oldenburg,KNEE,Salt Lake City,2020-05-28
Coty Schock,ARMS,Salt Lake City,2020-05-28
Adam Cianciarulo,BANGED UP,Salt Lake City,2020-06-02
Josh Hill,HIP,Salt Lake City,2020-06-02
Adam Cianciarulo,BACK,Salt Lake City,2020-06-06
Nick Gaines,SHOULDER,Salt Lake City,2020-06-06
Grant Harlan,WRIST,Salt Lake City,2020-06-06
Enzo Lopes,SHOULDER,Salt Lake City,2020-06-06
Alex Ray,KNEE,Salt Lake City,2020-06-09
Dylan Merriam,PELVIS,Salt Lake City,2020-06-12
Jordan Bailey,THUMB,Salt Lake City,2020-06-16
Garrett Marchbanks,"RIBS, BACK, LUNG",Salt Lake City,2020-06-16
Carson Brown,THUMB,Salt Lake City,2020-06-16
Killian Auberson,"NECK, BACK",Salt Lake City,2020-06-20
Jeremy Hand,WRIST,Loretta Lynns,2020-08-13
Aaron Plessinger,WRIST,Loretta Lynns,2020-08-13
Ken Roczen,ONGOING HEALTH ISSUES,Loretta Lynns,2020-08-13
Jarrett Frye,KNEE,Loretta Lynns,2020-08-13
Ty Masterpool,LEG,Loretta Lynns,2020-08-13
Michael Mosiman,Undisclosed,Loretta Lynns,2020-08-13
Colt Nichols,hand,Loretta Lynns,2020-08-13
Cooper Webb,BACK,Loretta Lynns,2020-08-20
Austin Forkner,INTERNAL INJURIES,Loretta Lynns,2020-08-20
Kevin Moranz,BANGED UP,Loretta Lynns,2020-08-20
Michael Mosiman,UNDISCLOSED,Loretta Lynns,2020-08-20
Colt Nichols,HAND,Loretta Lynns,2020-08-20
Darian Sanayei,SHOULDER,Loretta Lynns,2020-08-20
Jalek Swoll,HEAD,Loretta Lynns,2020-08-20
Michael Mosiman,CONCUSSION,Ironman,2020-08-27
Tevin Tapia,NECK,Ironman,2020-08-27
Jason Anderson,ARM,Redbud,2020-09-02
Max Anstie,BANGED UP,Redbud,2020-09-02
Joey Savatgy,ANKLE,Redbud,2020-09-02
Benny Bloss,ANKLE,Redbud,2020-09-06
Luke Renzland,head,Redbud,2020-09-06
Luke Renzland,HEAD,Spring Creek,2020-09-17
Dean Wilson,KNEE,Spring Creek,2020-09-17
Pierce Brown,KNEE,Spring Creek,2020-09-17
Tyler Bowers,RIB,Ranch,2020-09-24
Henry Miller,WRIST,Ranch,2020-09-24
John Short,BANGED UP,Ranch,2020-09-24
Broc Tickle,"ABDOMEN, KNEE",Ranch,2020-09-24
Cameron Mcadoo,STOMACH,Ranch,2020-09-24
Benny Bloss,DINGED UP,Thunder Valley,2020-10-01
Jeremy Smith,TAILBONE,Thunder Valley,2020-10-01
Mason Gonzales,“A BIT SORE”,Thunder Valley,2020-10-01
RJ Hampshire,BANGED UP,Thunder Valley,2020-10-01
Jalek Swoll,SHOULDER,Thunder Valley,2020-10-01
Blake Baggett,HAND/WRIST,Fox Raceway,2020-10-08
Justin Barcia,SORE,Fox Raceway,2020-10-08
Joey Savatgy,ANKLE/FOOT,Fox Raceway,2020-10-08
Derek Drake,HEALTH ISSUES,Fox Raceway,2020-10-08
Mason Gonzales,BANGED UP,Fox Raceway,2020-10-08
RJ Hampshire,HAND,Fox Raceway,2020-10-08
Cameron McAdoo,"HAND, FINGERS",Fox Raceway,2020-10-08
Stilez Robertson,HEAD,Fox Raceway,2020-10-08
Max Anstie,BACK,Houston,2021-01-14
Dylan Ferrandis,HAND,Houston,2021-01-14
Shane McElrath,SHOULDER,Houston,2021-01-14
Derek Drake,Femur,Houston,2021-01-14
Mason Gonzales,"Leg, Ankle",Houston,2021-01-14
Justin Thompson,KNEE,Houston,2021-01-14
Justin Bogle,"BACK, HIP, KNEE",Houston,2021-01-18
Enzo Lopes,WRIST,Houston,2021-01-18
Jess Pettis,KNEE,Houston,2021-01-18
Joey Savatgy,LEG,Houston,2021-01-21
Chase Sexton,SHOULDER,Houston,2021-01-21
Austin Forkner,— SHOULDER,Houston,2021-01-21
RJ Hampshire,— HAND,Houston,2021-01-21
Enzo Lopes,"— SHOULDER, WRIST",Houston,2021-01-21
Jess Pettis,—KNEE,Houston,2021-01-21
SHANE MCELRATH,&nbsp;– SHOULDER,Indianapolis,2021-01-28
Dean Wilson,FOOT,Indianapolis,2021-01-28
Lorenzo Camporese,SHOULDER,Indianapolis,2021-01-28
Austin Forkner,SHOULDER,Indianapolis,2021-01-28
Enzo Lopes,"SHOULDER, WRIST",Indianapolis,2021-01-28
Jess Pettis,&nbsp;KNEE,Indianapolis,2021-01-28
Dylan Wood,cock – back,Indianapolis,2021-01-28
Justin Cooper,FOOT,Indianapolis,2021-01-28
Vince Friese,BANGED UP,Indianapolis,2021-02-01
Alex Ray,WRIST,Indianapolis,2021-02-01
Austin Forkner,COLLARBONE,Indianapolis,2021-02-01
RJ Hampshire,"HAND, WRIST",Indianapolis,2021-02-01
Max Vohland,HIP,Indianapolis,2021-02-01
Dylan Wood,COCK – BACK,Indianapolis,2021-02-01
Jason Anderson,FINGER,Indianapolis,2021-02-04
Fredrik Noren,HEAD,Indianapolis,2021-02-04
Austin Politelli,HEAD,Indianapolis,2021-02-04
TJ Albright,Knee,Indianapolis,2021-02-04
Jett Lawrence,SHOULDER,Indianapolis,2021-02-04
Alex Ray,ILLNESS,Orlando,2021-02-12
Carter Stephenson,,Orlando,2021-02-12
TJ Albright,KNEE,Orlando,2021-02-12
Devin Harriman,WRIST,Orlando,2021-02-12
Max Miller,BACK,Orlando,2021-02-12
Michael Mosiman,HAND,Orlando,2021-02-12
Justin Brayton,CHEST,Orlando,2021-02-19
Dylan Ferrandis,BANGED UP,Orlando,2021-02-19
Adam Enticknap,collarbone,Orlando,2021-02-19
Henry Miller,Wrist,Orlando,2021-02-19
Justin Rodbell,Shoulder,Orlando,2021-02-19
Dakota Alix,BACK,Orlando,2021-02-19
Derek Drake,FEMUR,Orlando,2021-02-19
Mitchell Falk,LEG,Orlando,2021-02-19
Bryson Gardner,"BACK, PELVIS",Orlando,2021-02-19
Mason Gonzales,"LEG, ANKLE",Orlando,2021-02-19
Austin Forkner,&nbsp;– collarbone,Orlando,2021-02-19
Josh Cartwright,ANKLE,Daytona,2021-03-04
Adam Enticknap,COLLARBONE,Daytona,2021-03-04
Zach Osborne,BACK,Daytona,2021-03-04
Justin Rodbell,SHOULDER,Daytona,2021-03-04
Justin Starling,KNEE,Daytona,2021-03-04
Sean Cantrell,COLLARBONE,Daytona,2021-03-04
Alex Martin,BANGED UP,Daytona,2021-03-04
Jeremy Martin,SHOULDER,Daytona,2021-03-04
Jace Owen,knee,Daytona,2021-03-04
Jerry Robin,SHOULDER,Daytona,2021-03-04
Grant Harlan,"HEAD, ELBOW, WRIST, CHEST, LUNG",Arlington,2021-03-11
Austin Politelli,"HEAD, SHOULDER",Arlington,2021-03-11
Bryton Carrol,"l&nbsp;– RIBS, STERNUM, FOOT",Arlington,2021-03-11
Martin Castelo,HAND,Arlington,2021-03-11
Joey Crown,HEAD,Arlington,2021-03-11
Jace Owen,KNEE,Arlington,2021-03-11
Dilan Schwartz,BANGED UP,Arlington,2021-03-11
Jordon Smith,BACK,Arlington,2021-03-11
Dylan Ferrandis,LEG,Arlington,2021-03-15
Marvin Musquin,"HEAD, ARM",Arlington,2021-03-15
Pierce Brown,HAND,Arlington,2021-03-15
Bryton Carrol,"l – RIBS, STERNUM, FOOT",Arlington,2021-03-15
Benny Bloss,FOOT,Arlington,2021-03-18
Justin Brayton,Hand,Arlington,2021-03-18
Shane McElrath,BACK,Arlington,2021-03-18
Henry Miller,"SHOULDER, BANGED UP",Arlington,2021-03-18
Alex Martin,WRIST,Arlington,2021-03-18
Stilez Robertson,FOOT,Arlington,2021-03-18
Justin Bogle,SHOULDER,Atlanta,2021-04-08
Jordon Smith,SHOULDER,Atlanta,2021-04-08
Vince Friese,RIBS,Atlanta,2021-04-12
Brandon Hartranft,unknown,Atlanta,2021-04-12
Chase Marquier,"ARM, HEAD",Atlanta,2021-04-12
Hardy Munoz,Knee,Atlanta,2021-04-12
Kyle Chisholm,SHOULDER,Atlanta,2021-04-16
Brandon Hartranft,UNKNOWN,Atlanta,2021-04-16
Kevin Moranz,"RIBS, LUNG, SCAPULA",Atlanta,2021-04-16
Fredrik Noren,ANKLE,Atlanta,2021-04-16
Mitchell Oldenburg,HAND,Atlanta,2021-04-16
Chad Saultz,Collarbone,Atlanta,2021-04-16
Carter Stephenson,"HAND, UPPER BODY",Atlanta,2021-04-16
Malcolm Stewart,SORE,Atlanta,2021-04-16
Ty Masterpool,ankle,Atlanta,2021-04-16
Carson Mumford,SHOULDER,Atlanta,2021-04-16
Hardy Munoz,KNEE,Atlanta,2021-04-16
Martin Davalos,COLLARBONE,Salt Lake City,2021-04-22
RJ Hampshire,"WRISTS, HAND",Salt Lake City,2021-04-22
Chad Saultz,COLLARBONE,Salt Lake City,2021-04-22
Dylan Woodcock,BACK,Salt Lake City,2021-04-22
Christian Craig,"LEG, ANKLE",Salt Lake City,2021-04-29
Ty Masterpool,ANKLE,Salt Lake City,2021-04-29
Stilez Robertson,KNEE,Salt Lake City,2021-04-29
Jacob Hayes,LEG,Fox Raceway,2021-05-27
Bobby Piazza,"HAND, FOOT",Fox Raceway,2021-05-27
Kyle Greeson,"SHOULDER, COLLARBONE",Fox Raceway,2021-05-27
Kailub Russell,"RIBS, JAW",Fox Raceway,2021-05-27
Jason Anderson,HAND,Thunder Valley,2021-06-03
Dean Wilson,GUT,Thunder Valley,2021-06-03
Seth Hammaker,&nbsp;– unknown,Thunder Valley,2021-06-03
KYLE GREESON,"&nbsp;– SHOULDER, COLLARBONE",Thunder Valley,2021-06-03
Cameron McAdoo,KNEE,Thunder Valley,2021-06-03
Chad Saultz,collarbone,Thunder Valley,2021-06-03
Phil Nicoletti,BANGED UP,High Point,2021-06-17
Jeremy Smith,Collarbone,High Point,2021-06-17
Seth Hammaker,UNKNOWN,High Point,2021-06-17
Alex Martin,ARM,High Point,2021-06-17
Jeremy Martin,"WRIST, SHOULDER",High Point,2021-06-17
Henry Miller,KNEE,Redbud,2021-07-01
Jeremy Smith,COLLARBONE,Redbud,2021-07-01
Michael Mosiman,HEAD,Redbud,2021-07-01
Phil Nicoletti,KNEE,Southwick,2021-07-08
Dean Wilson,BANGED UP,Southwick,2021-07-08
Derek Kelley,Shoulder,Southwick,2021-07-08
Adam Cianciarulo,ULNAR NERVE,Washougal,2021-07-22
Derek Drake,heart,Washougal,2021-07-22
Max Miller,KNEE,Washougal,2021-07-22
Nate Thrasher,SHOULDER,Washougal,2021-07-22
Justin Barcia,"HEAD, ELBOW, RIBS",Unadilla,2021-08-12
Fredrik Noren,HAND,Unadilla,2021-08-12
Alex Ray,WRISTS,Unadilla,2021-08-12
Derek Drake,HEART,Unadilla,2021-08-12
Michael Mosiman,TBD,Unadilla,2021-08-12
Jalek Swoll,BANGED UP,Unadilla,2021-08-12
Aaron Plessinger,"LUNG, LIVER",Budds Creek,2021-08-19
DOMINIQUE THURY,&nbsp;– BICEP,Budds Creek,2021-08-19
Pierce Brown,"COLLARBONE, HEAD",Budds Creek,2021-08-19
Derek Kelley,HEAD,Budds Creek,2021-08-19
Michael Mosiman,BANGED UP,Budds Creek,2021-08-19
Stilez Robertson,&nbsp;– Unknown,Budds Creek,2021-08-19
Jo Shimoda,WRIST,Budds Creek,2021-08-19
Max Anstie,COVID-19,Ironman,2021-08-26
Christian Craig,BEAT UP,Ironman,2021-08-26
Dominique Thury,BICEP,Ironman,2021-08-26
Dean Wilson,Epstein–Barr,Ironman,2021-08-26
Ramyller Alves,SHOULDER,Ironman,2021-08-26
Seth Hammaker,HEAD,Ironman,2021-08-26
Garrett Marchbanks,NAGGING ISSUES,Ironman,2021-08-26
Stilez Robertson,UNKNOWN,Ironman,2021-08-26
Marvin Musquin,COVID-19,Fox Raceway,2021-09-02
Chase Sexton,Spleen,Fox Raceway,2021-09-02
Dean Wilson,EPSTEIN–BARR,Fox Raceway,2021-09-02
Garrett Marchbanks,ADDISON’S DISEASE,Fox Raceway,2021-09-02
Jeremy Martin,WRIST,Fox Raceway,2021-09-02
Brandon Scharer,&nbsp;– broken sternum,Fox Raceway,2021-09-02
Joey Savatgy,Illness,Hangtown,2021-09-09
Chase Sexton,SPLEEN,Hangtown,2021-09-09
Brandon Scharer,BROKEN STERNUM,Hangtown,2021-09-09
Benny Bloss,"Collarbone, Ankle",Anaheim,2022-01-06
Adam Cianciarulo,Shoulder,Anaheim,2022-01-06
Justin Hill,TBD,Anaheim,2022-01-06
Austin Black,TBD,Anaheim,2022-01-06
Justin Cooper,Foot,Anaheim,2022-01-06
Cheyenne Harmon,COVID-19&nbsp;,Anaheim,2022-01-06
Ty Masterpool,Wrist,Anaheim,2022-01-06
Hunter Sayles,COVID-19&nbsp;,Anaheim,2022-01-06
Benny Bloss,"COLLARBONE, ANKLE",Oakland,2022-01-13
Justin Brayton,COVID-19,Oakland,2022-01-13
Carson Brown,MOUTH,Oakland,2022-01-13
Jack Brunell,"WRIST, LEG",Oakland,2022-01-13
Kordel Caro,Sickness,Oakland,2022-01-13
Ty Masterpool,WRIST,Oakland,2022-01-13
Colt Nichols,ARMS,Oakland,2022-01-13
Jalek Swoll,CONCUSSION,Oakland,2022-01-13
Cade Clason,Knee,San Diego,2022-01-20
Joey Savatgy,Knee,San Diego,2022-01-20
Jack Brunell,"Wrist, Leg",San Diego,2022-01-20
Mitchell Falk,Back,San Diego,2022-01-20
Seth Hammaker,Banged up,San Diego,2022-01-20
Colt Nichols,Arms,San Diego,2022-01-20
Jalek Swoll,Concussion,San Diego,2022-01-20
Adam Cianciarulo,Knee,Anaheim,2022-01-27
Seth Hammaker,"Back, Spleen",Anaheim,2022-01-27
Aaron Plessinger,Banged up and Bruised,Glendale,2022-02-03
Alex Ray,Wrist,Glendale,2022-02-03
Ryder Floyd,Foot,Glendale,2022-02-03
Vince Friese,Tongue,Glendale,2022-02-03
Logan Leitzel,"Head, Shoulder",Glendale,2022-02-03
Ryan Surratt,Wrist,Glendale,2022-02-03
Dilan Schwartz,Shoulder,Glendale,2022-02-03
Dylan Woodcock,Knee,Glendale,2022-02-03
Fredrik Noren,"Back, Hand",Anaheim,2022-02-10
Carson Mumford,Shoulder,Anaheim,2022-02-10
Cole Thompson,Shoulder,Anaheim,2022-02-10
Josh Hill,"Hip, Pelvis",Minneapolis,2022-02-17
Alex Martin,Finger,Minneapolis,2022-02-17
Jack Chambers,Shoulder,Minneapolis,2022-02-17
Jonah Geistler,Leg,Minneapolis,2022-02-17
Jett Reynolds,Wrist,Minneapolis,2022-02-17
Coty Schock,Collarbone,Minneapolis,2022-02-17
Jerry Robin,Shoulder,Minneapolis,2022-02-17
Max Anstie,"Ribs, Neck, Lung, Heart",Arlington,2022-02-24
Vann Martin,Back,Arlington,2022-02-24
Aaron Plessinger,Arm,Arlington,2022-02-24
Alex Ray,Appendix,Arlington,2022-02-24
Chase Sexton,Head,Arlington,2022-02-24
Izaih Clark,Ankle,Arlington,2022-02-24
Jace Kessler,Arm,Arlington,2022-02-24
Max Vohland,"Shoulder, Collarbone",Arlington,2022-02-24
Fredrik Noren,Back,Daytona,2022-03-03
RJ Wageman,Wrist,Daytona,2022-03-03
Austin Forkner,Collarbone,Daytona,2022-03-03
RJ Hampshire,Head,Daytona,2022-03-03
Levi Kitchen,"Head, Knee",Daytona,2022-03-03
Jeremy Martin,Shoulder,Daytona,2022-03-03
Coty Schock,"Lung, Shoulder, Knee",Daytona,2022-03-03
Max Vohland,Shoulder and Collarbone,Daytona,2022-03-03
Theodore Pauli,&nbsp;– Knee,Detroit,2022-03-10
Ken Roczen,Health,Detroit,2022-03-10
Jace Kessler,Wrist,Detroit,2022-03-10
Levi Kitchen,"Leg, Knee",Detroit,2022-03-10
Hunter Sayles,Ribs,Detroit,2022-03-10
Jason Anderson,Banged Up,Indianapolis,2022-03-17
Adam Enticknap,Back,Indianapolis,2022-03-17
Dylan Ferrandis,Wrist,Indianapolis,2022-03-17
Tristan Lane,"Ankle, Knee",Indianapolis,2022-03-17
Chase Sexton,"Back, Lip",Indianapolis,2022-03-17
Cooper Webb,"Hand, Wrist, Shoulder",Indianapolis,2022-03-17
Kyle Peters,"Hand, Ribs",Indianapolis,2022-03-17
Stilez Robertson,Wrist,Indianapolis,2022-03-17
Justin Brayton,Head,Seattle,2022-03-24
Shane McElrath,Head,Seattle,2022-03-24
Dilan Schwartz,"Shoulder, Arm",Seattle,2022-03-24
Jo Shimoda,Leg,Seattle,2022-03-24
Richard Taylor,Arm,Seattle,2022-03-24
Dylan Walsh,Sickness,Seattle,2022-03-24
Shane McElrath,"Head, Knee",Louis,2022-04-07
Chase Sexton,Battered,Louis,2022-04-07
Cooper Webb,Battered,Louis,2022-04-07
TJ Albright,Wrist,Louis,2022-04-07
Preston Kilroy,"Femur, Pelvis",Louis,2022-04-07
Cameron McAdoo,Shoulder,Louis,2022-04-07
Brock Papi,Collarbone,Louis,2022-04-07
Alex Martin,Beat Up,Atlanta,2022-04-14
Dean Wilson,Posterior,Atlanta,2022-04-14
Kyle Peters,"Hand, Ribs, Back",Atlanta,2022-04-14
Phil Nicoletti,Arm,Foxborough,2022-04-21
Jordon Smith,Finger,Foxborough,2022-04-21
Max Vohland,Thumb,Foxborough,2022-04-21
Benny Bloss,&nbsp;– COVID-19,Denver,2022-04-28
Joan Cros,&nbsp;– Wrist,Denver,2022-04-28
Benny Bloss,COVID-19,Salt Lake City,2022-05-05
Joan Cros,Wrist,Salt Lake City,2022-05-05
Henry Miller,Shoulder,Salt Lake City,2022-05-05
Eli Tomac,Knee,Salt Lake City,2022-05-05
Malcolm Stewart,Knee,Fox Raceway,2022-05-26
Carson Mumford,Foot,Fox Raceway,2022-05-26
Jett Lawrence,Ankle,Fox Raceway,2022-05-26
Jerry Robin,Ankle,Hangtown,2022-06-02
Austin Forkner,Shoulder,Hangtown,2022-06-02
Cameron McAdoo,"Sternum, Lungs",Hangtown,2022-06-02
Jalek Swoll,Unknown,Hangtown,2022-06-02
Josh Gilbert,Banged Up,Thunder Valley,2022-06-09
RJ Hampshire,"Lung, Ribcage",Thunder Valley,2022-06-09
Brandon Scharer,Back,Thunder Valley,2022-06-09
Jalek Swoll,Shoulder,Thunder Valley,2022-06-09
Benny Bloss,Knee,High Point,2022-06-16
Enzo Lopes,Arm,High Point,2022-06-16
Cameron McAdoo,Sternum,High Point,2022-06-16
Nate Thrasher,Upper Body Injury,High Point,2022-06-16
Aaron Plessinger,Ankle,Redbud,2022-06-30
Levi Kitchen,Wrist,Spring Creek,2022-07-14
Matthew LeBlanc,Collarbone,Spring Creek,2022-07-14
Dylan Ferrandis,Thumb,Washougal,2022-07-21
Ty Masterpool,Knee,Washougal,2022-07-21
Michael Mosiman,Banged Up,Washougal,2022-07-21
Stilez Robertson,Banged Up,Washougal,2022-07-21
Nick Romano,Knee,Washougal,2022-07-21
Stilez Robertson,Ankle,Unadilla,2022-08-11
Brandon Hartranft,&nbsp;– Ankle,Budds Creek,2022-08-18
Ryder DiFrancesco,"Arm, Shoulder",Budds Creek,2022-08-18
Seth Hammaker,Banged Up,Budds Creek,2022-08-18
Nick Romano,Thumb,Budds Creek,2022-08-18
Dylan Ferrandis,&nbsp;- Back,Ironman,2022-08-25
Brandon Hartranft,Ankle,Ironman,2022-08-25
Dylan Ferrandis,Back,Fox Raceway,2022-09-01
Garrett Marchbanks,Illness,Fox Raceway,2022-09-01
Joey Savatgy,Banged Up,Fox Raceway,2022-09-01
Brandon Hartranft,"Back, Shoulder, Hip, More",Anaheim,2023-01-05
Justin Rodbell,Achilles Tendon,Anaheim,2023-01-05
Vince Friese,Banged Up,Anaheim,2023-01-05
Kyle Greeson,Back,Anaheim,2023-01-05
Carson Mumford,Wrist,Anaheim,2023-01-05
Marshal Weltin,Knee,Anaheim,2023-01-05
Benny Bloss,Tailbone,San Diego,2023-01-19
Kyle Chisholm,Illness,San Diego,2023-01-19
Marvin Musquin,Wrist,San Diego,2023-01-19
Pierce Brown,Backside,San Diego,2023-01-19
Austin Forkner,Knee,San Diego,2023-01-19
David Pulley,"Knee, Sternum, Ribs, Lung",San Diego,2023-01-19
Malcolm Stewart,Undisclosed,Anaheim,2023-01-26
Derek Drake,Neck,Anaheim,2023-01-26
Seth Hammaker,"Arm, Wrist",Anaheim,2023-01-26
Jo Shimoda,Collarbone,Anaheim,2023-01-26
Nick Romano,&nbsp;– Unknown,Houston,2023-02-02
Jalek Swoll,Arm,Houston,2023-02-02
Dylan Ferrandis,Concussion,Tampa,2023-02-09
Preston Kilroy,&nbsp;– Wrists,Tampa,2023-02-09
Garrett Marchbanks,&nbsp;– Wrist,Tampa,2023-02-09
Alex Ray,Thumb,Oakland,2023-02-16
Justin Starling,"Eye, Knee",Oakland,2023-02-16
Carson Mumford,Calf,Oakland,2023-02-16
Cullin Park,"Head, Shoulder",Oakland,2023-02-16
Adam Cianciarulo,Wrist,Arlington,2023-02-23
Preston Kilroy,Wrists,Arlington,2023-02-23
Garrett Marchbanks,Wrist,Arlington,2023-02-23
Brandon Hartranft,"Back, Shoulder, Hip, &amp; More",Daytona,2023-03-02
Justin Starling,Knee,Daytona,2023-03-02
Hardy Munoz,Banged Up,Daytona,2023-03-02
Kyle Chisholm,&nbsp;– Knee,Indianapolis,2023-03-10
Colt Nichols,Head,Indianapolis,2023-03-10
Vince Friese,Achilles,Indianapolis,2023-03-10
Scott Meshey,Leg,Detroit,2023-03-16
Larry Reyes,"Ankle, Liver, Shoulder, Head",Detroit,2023-03-16
Alex Ray,Finger,Seattle,2023-03-23
Matt Moss,Thumb,Seattle,2023-03-23
Phil Nicoletti,Wrist,Seattle,2023-03-23
Cade Clason,Ribs,Glendale,2023-04-06
Julien Benek,Thumb,Glendale,2023-04-06
Dylan Walsh,Leg,Glendale,2023-04-06
Christian Craig,"Hip, Elbow",Atlanta,2023-04-13
Robert Hailey,Shoulder,Atlanta,2023-04-13
Logan Leitzel,Knee,Atlanta,2023-04-13
Jeremy Martin,Lung,New Jersey,2023-04-20
Nate Thrasher,"Hip, Collarbone",New Jersey,2023-04-20
Stilez Robertson,Leg,New Jersey,2023-04-20
Adam Cianciarulo,Head,Nashville,2023-04-27
Aaron Plessinger,Banged Up,Nashville,2023-04-27
Jason Anderson,Neck,Denver,2023-05-04
Justin Barcia,"Collarbone, Ribs, Shoulder",Denver,2023-05-04
Benny Bloss,Collarbone,Denver,2023-05-04
Grant Harlan,Shoulder,Denver,2023-05-04
John Short,— Wrist,Denver,2023-05-04
Cooper Webb,Head,Denver,2023-05-04
Pierce Brown,"Hand, Knee",Denver,2023-05-04
Joshua Varize,Head,Denver,2023-05-04
Colt Nichols,Knee,Salt Lake City,2023-05-11
Bobby Piazza,Hand,Salt Lake City,2023-05-11
Eli Tomac,Ankle,Salt Lake City,2023-05-11
Eli Tomac,Achilles Tendon,Fox Raceway,2023-05-25
Nate Thrasher,"Hip, Collarbone, Knee",Fox Raceway,2023-05-25
Chase Sexton,&nbsp;— Concussion,Hangtown,2023-06-01
Robbie Wageman,— Shoulder,Hangtown,2023-06-01
Carter Dubach,Banged Up,Hangtown,2023-06-01
Hunter Lawrence,Ribs,Hangtown,2023-06-01
Chase Sexton,"— Concussion, Illness",Thunder Valley,2023-06-08
Jeremy Martin,Wrist,Thunder Valley,2023-06-08
Michael Mosiman,Shoulder,Thunder Valley,2023-06-08
Jacob Runkles,Arm,High Point,2023-06-15
Guillem Farres,Arm,High Point,2023-06-15
Carson Mumford,Banged Up,High Point,2023-06-15
Jett Reynolds,Banged Up,High Point,2023-06-15
Tom Vialle,Wrist,High Point,2023-06-15
Cooper Webb,Banged Up,Redbud,2023-06-29
Justin Cooper,"Neck, Throat, Chest",Redbud,2023-06-29
Chance Hymas,Knee,Redbud,2023-06-29
Preston Kilroy,Banged Up,Redbud,2023-06-29
Jordon Smith,"Wrist, Thumb",Redbud,2023-06-29
Justin Barcia,"—Collarbone, Ribs, Shoulder",Southwick,2023-07-06
Christian Craig,"—Hip, Elbow",Southwick,2023-07-06
Brandon Hartranft,"—Back, Shoulder, Hip, &amp; More",Southwick,2023-07-06
Justin Rodbell,—Achilles Tendon,Southwick,2023-07-06
Jacob Runkles,—Arm,Southwick,2023-07-06
John Short,—Wrist,Southwick,2023-07-06
Malcolm Stewart,—Knee,Southwick,2023-07-06
Eli Tomac,—Achilles Tendon,Southwick,2023-07-06
Robbie Wageman,—Shoulder,Southwick,2023-07-06
Cooper Webb,—Banged Up,Southwick,2023-07-06
Marshal Weltin,—Knee,Southwick,2023-07-06
Pierce Brown,"—Hand, Knee",Southwick,2023-07-06
Guillem Farres,—Arm,Southwick,2023-07-06
Austin Forkner,—Knee,Southwick,2023-07-06
Chance Hymas,—Knee,Southwick,2023-07-06
Preston Kilroy,—Banged Up,Southwick,2023-07-06
Jeremy Martin,—Wrist,Southwick,2023-07-06
Cameron McAdoo,—Shoulder,Southwick,2023-07-06
Michael Mosiman,—Shoulder,Southwick,2023-07-06
Stilez Robertson,—Leg,Southwick,2023-07-06
Nick Romano,—Knee,Southwick,2023-07-06
Jordon Smith,"—Wrist, Thumb",Southwick,2023-07-06
Nate Thrasher,"—Hip, Collarbone, Knee",Southwick,2023-07-06
Joshua Varize,—Collarbone,Southwick,2023-07-06
Jett Reynolds,Illness,Spring Creek,2023-07-13
Henry Miller,Collarbone,Washougal,2023-07-20
Vincent Luhovey,—Lyme disease,Unadilla,2023-08-10
Henry Miller,—Collarbone,Unadilla,2023-08-10
Jerry Robin,—Arm,Unadilla,2023-08-10
Scott Meshey,Finger,Budds Creek,2023-08-17
Trevor Schmidt,—Leg,Budds Creek,2023-08-17
RJ Hampshire,Banged Up,Budds Creek,2023-08-17
Jett Reynolds,—Illness,Budds Creek,2023-08-17
Jeff Walker,Shoulder,Ironman,2023-08-24
Hardy Munoz,"Head, Nose",Ironman,2023-08-24
Ty Masterpool,—Appendix,SMX Playoffs,2023-09-07
RJ Hampshire,—Banged Up,SMX Playoffs,2023-09-07
Ty Masterpool,Ankle,Anaheim,2024-01-05
Aaron Tanti,&nbsp;– Undisclosed,Anaheim,2024-01-05
Stilez Robertson,,Anaheim,2024-01-05
Vince Friese,Unknown,San Francisco,2024-01-11
Logan Karnow,Ankle,San Francisco,2024-01-11
Fredrik Noren,"Banged Up, Wrist",San Francisco,2024-01-11
Aaron Tanti,Undisclosed,San Francisco,2024-01-11
Julien Benek,"Illness, Thumb",San Francisco,2024-01-11
Nate Thrasher,Banged Up,San Francisco,2024-01-11
Lux Turner,"Hip, Pelvis",San Francisco,2024-01-11
Dylan Walsh,Intestine,San Francisco,2024-01-11
Tristan Lane,— Concussion,San Diego,2024-01-18
Max Vohland,&nbsp;– Hip,San Diego,2024-01-18
Adam Cianciarulo,Finger,Anaheim,2024-01-25
Kevin Moranz,Concussion,Anaheim,2024-01-25
Aaron Tanti,Shoulder,Anaheim,2024-01-25
Max Vohland,Hip,Anaheim,2024-01-25
Grant Harlan,Hip,Detroit,2024-02-01
Casey Cochran,Banged Up,Detroit,2024-02-01
Haiden Deegan,Wrist,Detroit,2024-02-01
Enzo Lopes,Forearm,Detroit,2024-02-01
Dilan Schwartz,Wrist,Detroit,2024-02-01
Jeremy Martin,Concussion,Glendale,2024-02-08
Cullin Park,Wrist&nbsp;,Glendale,2024-02-08
Christian Craig,&nbsp;– Elbow,Arlington,2024-02-22
Evan Ferry,Banged Up,Arlington,2024-02-22
Cullin Park,Wrist,Arlington,2024-02-22
Jett Reynolds,Shoulder,Arlington,2024-02-22
Dylan Walsh,Intestine&nbsp;,Arlington,2024-02-22
Adam Cianciarulo,Hand,Daytona,2024-02-29
Christian Craig,Elbow,Daytona,2024-02-29
Josh Cartwright,Shoulder,Daytona,2024-02-29
Guillem Farres,Femur,Daytona,2024-02-29
Evan Ferry,Shoulder,Daytona,2024-02-29
Austin Forkner,"Spine, Scapula",Daytona,2024-02-29
Derek Leatherman,Leg,Daytona,2024-02-29
Jalek Swoll,Banged Up,Daytona,2024-02-29
Justin Hill,Banged Up,Birmingham,2024-03-07
Hunter Lawrence,Shoulder,Birmingham,2024-03-07
Dean Wilson,Scapula,Birmingham,2024-03-07
Preston Boespflug,Ankle,Birmingham,2024-03-07
Devin Harriman,"Back, Arm",Birmingham,2024-03-07
Dylan Ferrandis,Illness,Seattle,2024-03-20
John Short,Banged Up,Seattle,2024-03-20
Nate Thrasher,"Concussion, Bruising&nbsp;",Seattle,2024-03-20
Dylan Ferrandis,Lungs,Louis,2024-03-28
Aaron Tanti,Thumb,Louis,2024-03-28
Adam Cianciarulo,Ankle,Foxborough,2024-04-11
Aaron Plessinger,Elbow,Nashville,2024-04-18
Seth Hammaker,Shoulder,Nashville,2024-04-18
Dominique Thury,"Head, Neck",Nashville,2024-04-18
Derek Kelley,Arm,Nashville,2024-04-18
Luke Neese,Pelvis,Nashville,2024-04-18
Ken Roczen,"Leg, Foot",Philadelphia,2024-04-25
Benny Bloss,"&nbsp;– Arm, Collarbone",Denver,2024-05-02
Levi Kitchen,Banged Up,Denver,2024-05-02
Garrett Marchbanks,Thumb,Denver,2024-05-02
Benny Bloss,"Arm, Collarbone",Salt Lake City,2024-05-09
Eli Tomac,Thumb,Salt Lake City,2024-05-09
Cooper Webb,Thumb,Salt Lake City,2024-05-09
Matti Jorgensen,Concussion,Salt Lake City,2024-05-09
Guillem Farres,Femur&nbsp;,Salt Lake City,2024-05-09
Derek Drake,Back,Fox Raceway,2024-05-23
Michael Mosiman,Neck,Fox Raceway,2024-05-23
Seth Hammaker,&nbsp;– Banged Up,Fox Raceway,2024-05-23
RJ Hampshire,Wrist,Hangtown,2024-05-30
Jett Lawrence,Leg,Thunder Valley,2024-06-06
Phil Nicoletti,Knee,Thunder Valley,2024-06-06
Nate Thrasher,Collarbone,Thunder Valley,2024-06-06
Derek Kelley,Head,High Point,2024-06-13
Coty Schock,Wrist,Southwick,2024-06-27
Justin Barcia,Knees,Redbud,2024-07-03
Jett Lawrence,Thumb,Redbud,2024-07-03
Julien Beaumer,Head,Redbud,2024-07-03
Bailey Kroone,&nbsp;– Leg,Spring Creek,2024-07-11
Joey Savatgy,"Neck, Shoulder",Spring Creek,2024-07-11
Chance Hymas,Ankle,Washougal,2024-07-18
Bailey Kroone,Leg,Washougal,2024-07-18
Ken Roczen,&nbsp;– Knee,Unadilla,2024-08-08
Jett Reynolds,Collarbone,Unadilla,2024-08-08
James Harrington,Shoulder,Budds Creek,2024-08-15
Casey Cochran,Arm,Budds Creek,2024-08-15
Chance Hymas,Banged Up,Budds Creek,2024-08-15
Max Anstie,Banged Up,Ironman,2024-08-22
Justin Barcia,"Knees, Hamstring",SMX Playoffs,2024-09-05
Dylan Ferrandis,"Neck, Thumb",SMX Playoffs,2024-09-05
Justin Barcia,Banged Up,Andersons Back,2024-09-12
Daxton Bennick,General Health,Andersons Back,2024-09-12
Casey Cochran,Arm Knee,Andersons Back,2024-09-12
Jalek Swoll,"Head, Banged Up",Andersons Back,2024-09-12
Nate Thrasher,Leg,Andersons Back,2024-09-12
Justin Cooper,Collarbone,Las Vegas,2024-09-19
Derek Kelley,Banged Up,Las Vegas,2024-09-19
Casey Cochran,"Arm, Knee",Las Vegas,2024-09-19
Carson Mumford,Leg,Las Vegas,2024-09-19
Jason Anderson,Knee,Anderson Jalek Swoll,2025-06-12
Justin Barcia,Knee,Anderson Jalek Swoll,2025-06-12
Dylan Ferrandis,Leg,Anderson Jalek Swoll,2025-06-12
Grant Harlan,Ribs,Anderson Jalek Swoll,2025-06-12
Chase Sexton,Banged Up,Anderson Jalek Swoll,2025-06-12
Max Anstie,Leg,Anderson Jalek Swoll,2025-06-12
Daxton Bennick,"Concussion, Back",Anderson Jalek Swoll,2025-06-12
Pierce Brown,Back,Anderson Jalek Swoll,2025-06-12
Trevor Colip,"Femur, Stroke",Anderson Jalek Swoll,2025-06-12
Cole Davies,"Arm, Nose",Anderson Jalek Swoll,2025-06-12
Evan Ferry,Achilles,Anderson Jalek Swoll,2025-06-12
Cameron McAdoo,Knee,Anderson Jalek Swoll,2025-06-12
Carson Mumford,Ankle,Anderson Jalek Swoll,2025-06-12
Jett Reynolds,Leg,Anderson Jalek Swoll,2025-06-12
Jalek Swoll,Achilles,Anderson Jalek Swoll,2025-06-12
Malcolm Stewart,Sore,Southwick,2025-06-26
Drew Adams,Finger,Southwick,2025-06-26
Chance Hymas,Achilles,Southwick,2025-06-26
Jace Kessler,Collarbone,Southwick,2025-06-26
Kayden Minear,Thumb,Southwick,2025-06-26
Gavin Towers,Knee,Southwick,2025-06-26
Casey Cochran,Shoulder,Sexton Adams,2025-07-03
Chance Hymas,ACL,Sexton Adams,2025-07-03
Ty Masterpool,Unknown,Sexton Adams,2025-07-03
Nick Romano,Shoulder,Sexton Adams,2025-07-03
Jason Anderson,Health Issues,Webb Beaumer Harlan,2025-07-10
Grant Harlan,Leg,Webb Beaumer Harlan,2025-07-10
Derek Kelley,Leg,Webb Beaumer Harlan,2025-07-10
Freddie Noren,Banged Up,Webb Beaumer Harlan,2025-07-10
Aaron Plessinger,Illness,Webb Beaumer Harlan,2025-07-10
Joey Savatgy,&nbsp;– Leg,Webb Beaumer Harlan,2025-07-10
Cooper Webb,Knee,Webb Beaumer Harlan,2025-07-10
Julien Beaumer,"Wrist, Banged Up",Webb Beaumer Harlan,2025-07-10
Ty Masterpool,Hand,Webb Beaumer Harlan,2025-07-10
Joey Savatgy,Leg,Plessinger Savatgy Vialle,2025-07-17
Seth Hammaker,,Plessinger Savatgy Vialle,2025-07-17
Jalek Swoll,Thumb,Plessinger Savatgy Vialle,2025-07-17
Tom Vialle,"Knee, Shoulder",Plessinger Savatgy Vialle,2025-07-17
Colt Nichols,Thumb,Ironman,2025-08-07
Michael Mosiman,Ankle,Ironman,2025-08-07
Gavin Towers,&nbsp;– Knee,Ironman,2025-08-07
Freddie Noren,Foot,Unadilla Davies Roczen,2025-08-14
Ken Roczen,Ankle,Unadilla Davies Roczen,2025-08-14
Chase Sexton,Shoulder,Unadilla Davies Roczen,2025-08-14
Jalek Swoll,Leg,Unadilla Davies Roczen,2025-08-14
Jack Chambers,Leg,Budds Creek,2025-08-21
Mikkel Haarup,Collarbone,Budds Creek,2025-08-21
Michael Mosiman,"Ankle, Head",Budds Creek,2025-08-21
Dilan Schwartz,Ankle,Budds Creek,2025-08-21
Julien Beaumer,Banged Up,SMX Playoffs,2025-09-04
Malcolm Stewart,"Back, Leg",SMX Playoffs,2025-09-11
Julien Beaumer,Back,SMX Playoffs,2025-09-11
Garrett Marchbanks,Knee,SMX Playoffs,2025-09-11
Dean Wilson,Knee,SMX Playoffs,2025-09-18
Max Vohland,Elbow,SMX Playoffs,2025-09-18
